{"schemaVersion":"1.0","appDefinitionTemplate":{"id":"/providers/Microsoft.PowerApps/apps/","type":"Microsoft.PowerApps/apps","tags":{"primaryDeviceWidth":"1366","primaryDeviceHeight":"768","supportsPortrait":"true","supportsLandscape":"true","primaryFormFactor":"Tablet","showStatusBar":"false","publisherVersion":"3.24073.20","minimumRequiredApiVersion":"2.2.0","hasComponent":"false","hasUnlockedComponent":"false","isUnifiedRootApp":"false","sienaVersion":"20240726T040751Z-3.24073.20.0"},"properties":{"appVersion":"2024-07-26T04:07:51Z","lifeCycleId":"Published","createdByClientVersion":{"major":3,"minor":24073,"build":20,"revision":0,"majorRevision":0,"minorRevision":0},"minClientVersion":{"major":3,"minor":24073,"build":20,"revision":0,"majorRevision":0,"minorRevision":0},"backgroundColor":"RGBA(0,176,240,1)","backgroundImageUri":"/6231422308126464482/Na5c1e054-0ae9-4cba-8780-6bf5220f1095-logoSmallFile","displayName":"Loading Progress Bar","description":"","commitMessage":"","appUris":{"documentUri":{"value":"/6231422308126464482/N74a1c2ab-7394-4739-8d42-c7f93b34cd8b-document.msapp"},"imageUris":[],"additionalUris":[{"isSolutionAware":false,"value":"/6231422308126464482/N4b9096dd-935c-42f9-b07a-30f4e4a95ced-identity.json"}]},"createdTime":"0001-01-01T00:00:00Z","lastModifiedTime":"0001-01-01T00:00:00Z","sharedGroupsCount":0,"sharedUsersCount":0,"connectionReferences":{"e7441094-bae3-45cf-9927-c34346976c7b":{"id":"2924d851-14e7-47df-8e69-9f6eef8329ce","displayName":"SharePoint","iconUri":"https://connectoricons-prod.azureedge.net/releases/v1.0.1697/1.0.1697.3784/sharepointonline/icon.png","dataSources":["EmployeeMasterAsia"],"dependencies":[],"dependents":[],"parameterHints":{},"parameterHintsV2":{},"isOnPremiseConnection":false,"bypassConsent":false,"dataSets":{"https://jehl.sharepoint.com/sites/WorkflowDevelopment-CommonLookupTables":{"dataSources":{"EmployeeMasterAsia":{"tableName":"2f76c78b-c2a4-4dd9-95e2-55f61cb4e311"}}}},"apiTier":"Standard","isCustomApiConnection":false,"actions":["providers/PowerPlatform.Governance/Operations/Read"]}},"databaseReferences":{},"almMode":"Environment","performanceOptimizationEnabled":false,"canConsumeAppPass":false,"enableModernRuntimeMode":false,"executionRestrictions":{"isTeamsOnly":false,"dataLossPreventionEvaluationResult":{"status":"Compliant","lastEvaluationDate":"2024-07-26T01:27:57.0879333Z","violations":[],"violationsByPolicy":[],"violationErrorMessage":"The app uses the following connectors: ."}}},"appType":"ClassicCanvasApp","appComponents":[]}}